epoch,accuracy,auc,loss,val_accuracy,val_auc,val_loss,epoch_time_sec,phase,global_epoch
1,0.6270747184753418,0.6637235283851624,0.6854437589645386,0.7787418365478516,0.8658477067947388,0.4777149558067322,12.245496000003186,frozen,1
2,0.728215754032135,0.8027007579803467,0.5394680500030518,0.8069414496421814,0.9095696806907654,0.42883700132369995,7.071952541002247,frozen,2
3,0.7520747184753418,0.8376808166503906,0.4954736530780792,0.8004338145256042,0.8687775135040283,0.46584203839302063,6.68691141599993,frozen,3
4,0.7795643210411072,0.8679184913635254,0.4535822868347168,0.7830802798271179,0.8651505708694458,0.46780267357826233,6.652587541997491,frozen,4
5,0.7940871119499207,0.8839208483695984,0.43076348304748535,0.8373101949691772,0.9046236872673035,0.4017404615879059,6.558502582993242,frozen,5
6,0.8215767741203308,0.9060962796211243,0.3946857452392578,0.8091106414794922,0.8846893310546875,0.4513014853000641,6.560459499996796,frozen,6
7,0.8267635107040405,0.9097996950149536,0.3849438726902008,0.8134490251541138,0.8937238454818726,0.4284970760345459,6.522553458002221,frozen,7
8,0.8298755288124084,0.9123420715332031,0.3792656660079956,0.8308026194572449,0.8951840996742249,0.41420629620552063,6.472121999999217,frozen,8
9,0.829356849193573,0.9153411388397217,0.3736448884010315,0.8308026194572449,0.893111526966095,0.41467154026031494,6.512549166000099,frozen,9
