perturbation,n,accuracy,mean_abs_prob_delta,median_abs_prob_delta,flip_rate,malignant_recall,benign_recall
original,200,0.5,0.0,0.0,0.0,0.5,0.5
brightness_minus,200,0.555,0.06211076554842293,0.03877776116132736,0.075,0.55,0.56
brightness_plus,200,0.545,0.08574476708774455,0.056387223303318024,0.115,0.59,0.5
contrast_minus,200,0.54,0.03888339892611839,0.01647273451089859,0.05,0.57,0.51
contrast_plus,200,0.525,0.02463065555668436,0.013589739799499512,0.045,0.53,0.52
gaussian_noise,200,0.575,0.10664420416753273,0.06880129501223564,0.135,0.45,0.7
blur,200,0.535,0.05469790465547703,0.030255302786827087,0.075,0.61,0.46
